Time,Text,Hashtages,Coordinates,City,Entities,indexes,Person_Name
12:16:39,now tonight xxxx,[],"[0.155261, 51.3841]",Swanley,"[['tonight', 'TIME']]",554,shedawes
12:16:51,thebarhealthandfitness functional youth fitness lma_fit tonight,"['coachghk', 'thebarhealthandfitness']","[-6.691526, 54.836728]",Maghera,"[['functional youth fitness', 'ORG'], ['tonight', 'TIME']]",595,GavinHeamyMMA
12:19:53,ill be join you tonight after work with a cider or two!,[],"[0.287577, 52.443271]",Littleport,"[['tonight', 'TIME'], ['two', 'CARDINAL']]",1182,Mumsy09
12:22:13,slow hand clap to for continue with their idents advertising live match for tonight (e.g. fulham v brentford).,[],"[-1.632737, 55.067039]",Cramlington,"[['tonight', 'TIME'], ['fulham', 'PERSON'], ['brentford', 'PERSON']]",1657,stevieb
12:22:20,i will check your offer tonight great move,[],"[-3.091893, 55.880414]",Dalkeith,"[['tonight', 'TIME']]",1687,dmeiklephoto
12:23:12,surely thats not a difficult one to work out? looking forward to catch up tonight in the fine (and coronavirus free) city,[],"[-0.74578, 51.448222]",East,"[['tonight', 'TIME']]",1880,jamesblower9
12:23:13,pure relief of my standby be change to a day off tomorrow. makes fly back to ad tonight a little more tolerable,[],"[-2.667904, 53.47658]",Ashton-in-Makerfield,"[['day', 'DATE'], ['tomorrow', 'DATE'], ['tonight', 'TIME']]",1884,alexlowex
12:23:32,"patterned sam wise ticket for tonight, corona aint stop shit",[],"[0.074802, 51.408761]",Bexley,"[['patterned sam', 'PERSON'], ['tonight', 'TIME'], ['corona ai', 'PERSON']]",1955,jackburgess0
12:23:38,"six day manchester have confirmed, the event due to start tonight, will not go ahead, with all our best interest at",[],"[-2.319934, 53.343623]",Manchester,"[['six day manchester', 'DATE'], ['tonight', 'TIME']]",1978,BeccaCharlton
12:23:48,"flying out tonight mate, couple of day in colombo 1st then see you in unawatuna next week",[],"[-3.235601, 51.825903]",West Midlands,"[['tonight', 'TIME'], ['unawatuna', 'GPE'], ['next week', 'DATE']]",2005,AshesVictory
12:24:38,fingers crossed. we be really look forward to see the show tonight.,[],"[-0.976292, 53.601006]",Thorne,"[['tonight', 'TIME']]",2164,mrhodgkiss
12:28:13,t o n i g h t very last minute but im very happy to say ill be play tonight opening for,[],"[-2.980121, 51.626416]",Ponthir,"[['last minute', 'TIME'], ['ill', 'PERSON'], ['tonight', 'TIME']]",2907,ellsouth
12:28:30,gig go ahead tonight?,[],"[-3.328512, 55.894729]",Edinburgh,"[['tonight', 'TIME']]",2957,KeithMc13
12:31:06,cracking little list of raffle prize for tonight massive thank you to those who have donate item,[],"[-5.353407, 51.378778]",Wales,"[['tonight', 'TIME']]",3461,MikesTri2016
12:32:00,the show must go on.we're back to rock the live lounge at the raheny inn tonight from 10.30pm.hope to see yous ther,[],"[-6.387438, 53.298745]",Dublin City,"[['the live lounge at the raheny inn', 'WORK_OF_ART'], ['tonight', 'TIME'], ['10.30pm', 'DATE']]",3639,SharpShooterIre
12:34:17,"tonight, at blackpools funniest night out, weve get one hell of a show for you! join a he introdu",[],"[-3.056968, 53.80665]",Blackpool,"[['tonight', 'TIME'], ['blackpools funniest night', 'FAC'], ['one', 'CARDINAL']]",4098,blackpoolcomedy
12:37:03,six day cycling have confirm the event due to start tonight will not go ahead. a difficult but necessary decision,[],"[-2.319934, 53.343623]",Manchester,"[['six day cycling', 'DATE'], ['tonight', 'TIME']]",4653,BeccaCharlton
12:37:58,a this virus take hold let see your show offer now will be offering tonight,[],"[-3.091893, 55.880414]",Dalkeith,"[['tonight', 'TIME']]",4850,dmeiklephoto
12:39:47,"hi, try to add an extra person to a room book for cambridge central tonight. website wont allo",[],"[-1.653754, 54.772706]",Bearpark,"[['cambridge', 'GPE'], ['tonight', 'TIME']]",5207,timlibrarian
12:42:01,when it's a t-shirt kind of day! happy pre-birthday party eve to me! have a great gig tonight,[],"[-2.364483, 53.535082]",Bury,"[['day', 'DATE'], ['tonight', 'TIME']]",5668,jelly885
12:42:19,there's an rccg church planning night vigil tonight in rome i'm sure,[],"[-2.319934, 53.343623]",Manchester,"[['tonight', 'TIME'], ['rome', 'GPE']]",5724,iam_ROMVN
12:42:55,"you all need to do yourselves a favour and watch popstar: never stop never stopping tonight on channel 4, by a mill",[],"[-1.935533, 53.696167]",Halifax,"[['tonight', 'TIME']]",5858,BminorJimmy
12:43:52,"if will be at tonight, so will i &amp; suck my nut coronavirus",[],"[-0.328914, 52.535472]",Peterborough,"[['tonight', 'TIME']]",6080,mikemillins
12:44:03,with game off be sell their match programme produce for tonight cancel game against harp,[],"[-6.387438, 53.298745]",Dublin City,"[['tonight', 'TIME']]",6120,macdarabueller
12:44:46,having kreplach in my chicken soup tonight!,[],"[-2.319934, 53.343623]",Manchester,"[['tonight', 'TIME']]",6252,mikedickson2907
12:44:49,tonight at the lovely come and get some delicious food and start the weekend right! sit in o,[],"[-2.319934, 53.343623]",Manchester,"[['tonight', 'GPE'], ['the weekend', 'DATE']]",6262,cookinwithmamaz
12:45:33,fingers cross for a positive outcome tonight,"['JusticeForJean', 'deathabroad']","[-0.080526, 51.343417]",Bromley,"[['tonight', 'TIME']]",6396,ForJeanhanlon
12:45:39,my sister in law be have a birthday party for her 1 year old dog tonight. is this normal behaviour? am i safe t,[],"[-0.230949, 51.21315]",Redhill,"[['her 1 year old', 'DATE'], ['tonight', 'TIME']]",6422,fitwithfrank
12:47:38,tom take the spot prize after a convincing heat win at and return tonight for the junior final,['EISM2020'],"[-3.328512, 55.894729]",Edinburgh,"[['tom', 'PERSON'], ['tonight', 'TIME']]",6818,SwimWestLothian
12:49:01,ive get the tony award on spotify at my desk and go to see waitress tonight!,[],"[-0.292579, 51.555179]",Barnet,"[['tony', 'PERSON'], ['tonight', 'TIME']]",7102,ArtsOdyssey
12:52:07,come see u tonight at 7.30pm with an all-russian programme include thrilli,"['Inverness', 'Tchaikovsky']","[-7.660857, 54.633631]",Scotland,"[['tonight', 'TIME'], ['7.30pm', 'DATE'], ['all-russian', 'NORP']]",7698,BBCSSO
12:52:21,urgent : the faw have announce that all domestic football be suspend with immediate effect until 4 april. our match tonight be now off.,[],"[-3.94388, 51.797479]",Glanaman,"[['faw', 'ORG'], ['4 april', 'DATE'], ['tonight', 'TIME']]",7741,cwmammanunited
12:53:25,useless! have flight book to prague tonight and no notification from you regard the border be sh,[],"[-0.100615, 51.681067]",Broxbourne,"[['prague', 'GPE'], ['tonight', 'TIME']]",7950,seanphelan94
12:54:03,tonight we party from 10pm @ suburbia,[],"[-1.476463, 50.883056]",Southampton,"[['tonight', 'TIME'], ['10pm', 'TIME']]",8069,suburbiasoton
12:56:35,hope everyones have a great race week and be super psyched for gold cup day! tonight the railway will be have,[],"[-2.142873, 51.861864]",Cheltenham,"[['tonight', 'TIME'], ['railway', 'PERSON']]",8563,RailwayChelt
12:56:38,tonight will probably be the last time for a while you will be able to party .get down to jungle splash at the jamm,[],"[-0.080028, 51.48432]",Poplar,"[['tonight', 'TIME'], ['jungle splash', 'PERSON'], ['jamm', 'ORG']]",8574,djjjfrost
12:58:22,a reminder that the be cancel tonight folk @ macclesfield,[],"[-2.176513, 53.236655]",Macclesfield,"[['tonight', 'TIME'], ['macclesfield', 'GPE']]",8902,BarbarellaFem
12:59:58,definitely join the boy tonight . i pretty sure hasn't gotten his first win yet,[],"[-0.112442, 51.5068]",City of London,"[['tonight', 'TIME'], ['first', 'ORDINAL']]",9217,JonathanItakpe
13:00:08,"also want a packet of linguine for aglio, oglio, peperoncino tonight but like fuck could i find any",[],"[-0.18576, 51.604519]",Enfield,"[['tonight', 'TIME']]",9253,AbigailLucy_
13:00:36,its back!! paddys irish pub be ready for paddys fest! join u from tonight right the way through til tue,[],"[-3.328512, 55.894729]",Edinburgh,"[['irish', 'NORP'], ['tonight', 'TIME']]",9346,PilgrimBar
13:01:38,i be go to see tonight in belfast with &amp;,[],"[-6.797434, 54.485233]",Dungannon,"[['tonight', 'TIME'], ['belfast', 'GPE']]",9560,JohnKen41177976
13:01:52,im at circa wave tonight,[],"[-1.279568, 52.988587]",Kimberley,"[['tonight', 'TIME']]",9596,lylehubbard_
13:05:16,*the four thieves take no responsibility for any questionable life choice make tonight,[],"[-0.259465, 51.417277]",Wandsworth,"[['four', 'CARDINAL'], ['tonight', 'TIME']]",10306,FourThievesPub
13:05:22,"there's literally no food in shop for me to even have dinner tonight, never mind, stock pile",[],"[-6.036116, 54.543241]",Belfast,"[['tonight', 'TIME']]",10323,Dawnzilllla
13:07:02,who be in london and free tonight?!,[],"[-0.170246, 51.564585]",Tottenham,"[['london', 'GPE'], ['tonight', 'TIME']]",10694,hoofaband
13:07:03,please tell me u will still be in glasgow tonight?!,[],"[-4.44813, 55.847615]",Renfrew,"[['u', 'ORG'], ['glasgow', 'GPE'], ['tonight', 'TIME']]",10696,hen1987
13:07:17,check out the new beer thats land for tonight.... paper trail. this 4% easy drinking pale be not g,[],"[-1.141866, 54.076997]",Huby,"[['tonight', 'TIME'], ['paper trail', 'FAC'], ['4%', 'PERCENT']]",10735,MendedDrumHuby
13:08:47,hop to see up on here tonight for some good old fashion,['bluebloods'],"[-0.322917, 51.34286]",Kingston upon Thames,"[['tonight', 'TIME']]",11019,HanaaBlossom
13:09:50,omg hubby just get front row ticket for tonight our daughter be go to be so exc,['BlitheSpirit'],"[0.11379, 52.633419]",Wisbech,"[['tonight', 'TIME']]",11237,louisefgreen73
13:11:31,i most certainly will be on air tonight brother x,[],"[-6.41987, 58.202464]",Stornoway,"[['tonight', 'TIME']]",11603,UillyMac
13:12:40,me in tonight,[],"[-1.693792, 54.960055]",Newcastle Upon Tyne,"[['tonight', 'TIME']]",11829,raemcgeee
13:12:59,absolutely fuck buzzing for tonight,[],"[-1.468552, 53.49245]",Hoyland,"[['buzzing', 'ORG'], ['tonight', 'TIME']]",11883,Danielle_h98
13:14:12,hi my game of 7 be still on tonight at toryglen at 7 if you have no football to show tonight,[],"[-4.238473, 55.73396]",East Kilbride,"[['7', 'CARDINAL'], ['tonight', 'TIME'], ['toryglen', 'PERSON'], ['tonight', 'TIME']]",12133,joebhoy08
13:14:27,tonight tonight,"['chillspotfridays', 'ladiesnight', 'everyfriday', 'londonsno1fridaynightout', 'londonparty']","[-0.15191, 51.410792]",Lambeth,"[['tonight', 'GPE']]",12193,Garryfabulous
